Looking For Business card, Rack card, Flyer, Brochure, Letterhead, Roll UP Banner?
Contact:https://t.co/NsErYFYydoâ€¦ https://t.co/Hev72B1GIB
RT @SoyEnchufao: #6Feb | Â¡Donde esta Almagro!
En protesta contra fraude electoral funcionarios de seguridad asesinan otro hondureÃ±o.

#Todoâ€¦
RT @thehumanxp: On this day in 1945, legendary reggae artiste Bob Marley was born. His legacy and messages of peace and unity still live onâ€¦
RT @matheusteteu013: minha riqueza Ã© a vida. 

- Bob Marley
Playita y Bob Marley ğŸŒ´
RT @common: Happy Born Day Bob Marley!  Thank you for showing me how to use my art to help the people.  #OneLove https://t.co/qpRyIthOtw
RT @common: Happy Born Day Bob Marley!  Thank you for showing me how to use my art to help the people.  #OneLove https://t.co/qpRyIthOtw
RT @revistalibero: Un 11 de mayo de 1981 fallecÃ­a Bob Marley. 35 aÃ±os ya sin un referente musical y un gran aficionado al fÃºtbol. https://tâ€¦
RT @mefeater: Happy Birthday to the legendary Bob Marley. Today he would have turned 73 years old. RIP ğŸ–¤ https://t.co/rHXZpSCiJ7
RT @mefeater: Happy Birthday to the legendary Bob Marley. Today he would have turned 73 years old. RIP ğŸ–¤ https://t.co/rHXZpSCiJ7
RT @iDailyRapFacts: Happy Birthday to Bob Marley ğŸˆ https://t.co/1qww6sk0ik
@DaniMao23 Hi @DaniMao23 , Great to see you're remembering Bob Marley on his birthday.  To celebrate his legacy I'vâ€¦ https://t.co/Qjh4ndBw4r
This!!! Yessss this! ğŸ’–ğŸ’–ğŸ’–ğŸ’– I knew it I was born in the wrong era https://t.co/6r0ag25XC2
â€œDonâ€™t forget your history or your destiny.â€ â€“ Bob Marley
RT @MOBOAwards: Sending praise to Bob Marley on what wouldâ€™ve been his 73rd birthday. â¤ï¸âœŠğŸ¾ğŸ™ğŸ¾ https://t.co/QTlUb8gB5R
RT @MoorInformation: February 6, 1945 â€” Bob Marley was born. He would have been 73 today https://t.co/Mx5oAN31iB
RT @Gravesen_1: "De la vida aprendÃ­ que hay que sufrir por el fÃºtbol, y no por amor" - Bob Marley http://t.co/wuaj3KgZhD
RT @common: Happy Born Day Bob Marley!  Thank you for showing me how to use my art to help the people.  #OneLove https://t.co/qpRyIthOtw
RT @marina_m3k: Î¤Î¯Ï€Î¿Ï„Îµ Î´ÎµÎ½ ÎµÎ¯Î½Î±Î¹ Î»Î¬Î¸Î¿Ï‚ Î±Î½ ÏƒÎµ ÎºÎ¬Î½ÎµÎ¹ ÎµÏ…Ï„Ï…Ï‡Î¹ÏƒÎ¼Î­Î½Î¿..........
Bob Marley https://t.co/qVqUgQkVeW
@footywnews Looking For Business card, Rack card, Flyer, Brochure, Letterhead, Roll UP Banner?
Contact:â€¦ https://t.co/RESUjPtz0C
RT @duttypaul: RRR!!! MAD LOVE, BIG UP AND NUFF RESPECT TO BOB MARLEY!! A LEGEND 4 EVER!! #HAPPYEARTHDAYBOBMARLEY https://t.co/ZqXDNFG5NC
