RT @africanarchives: On this day in 1945, legendary reggae artiste Bob Marley was born. His legacy and messages of peace and unity still liâ€¦
RT @mefeater: Happy Birthday to the legendary Bob Marley. Today he would have turned 73 years old. RIP ğŸ–¤ https://t.co/rHXZpSCiJ7
I appreciate my mom for making music such a big part of our lives. She always said we are her three little birds. Tâ€¦ https://t.co/xLsG8oYecB
RT @cprocuna: Bob Marley cumplirÃ­a hoy 73 aÃ±os y lo recordamos con la que fue su pasiÃ³n deportiva: el futbol. https://t.co/ZlgfNMIw9p
RT @reereeroach: Happy born day Robert Nesta Marley, OM. https://t.co/aOLN0S6BP1
RT @common: Happy Born Day Bob Marley!  Thank you for showing me how to use my art to help the people.  #OneLove https://t.co/qpRyIthOtw
RT @MiAmorEnLetras: Y hay dÃ­as en que no se necesitan palabras, sÃ³lo mÃºsica. (Bob Marley)
RT @DIGICELJamaica: Did you Know that the Grammy Museum has designated February 6th as Bob Marley Day? Happy Bob Marley Day! â¤ğŸ’šğŸ’› #Marley73â€¦
RT @CancilleriaVE: #COMUNICADO | Venezuela se une a la conmemoraciÃ³n del 73Â° aniversario del natalicio de Bob Marley https://t.co/ho3HdTAvSâ€¦
RT @fdalvinegro: Hoje Ã© dia dele! O Rei do Raggae, Bob Marley, faria 73 anos no dia de hoje.

Bob admirava o time de PelÃ©, nÃ³s admiramos Boâ€¦
RT @norm: Happy Birthday to Bob Marley on what wouldâ€™ve been his 73rd birthday. https://t.co/Ys3MFB4aPH
RT @VillageTaker: Mewtwo and Bob Marley born pon the same day

Das greatness
RT @billboard: Remembering Bob Marley on his birthday. ğŸ‡¯ğŸ‡² https://t.co/k3DrMSKkyD
RT @JISNews: World renowned reggae singer and songwriter, the late Bob Marley was born on February 6, 1945, in St Ann. His music spoke outâ€¦
Wonder how many people on Twitter mentioning him today think Bob Marley only just passed away...
RT @MiAmorEnLetras: Y hay dÃ­as en que no se necesitan palabras, sÃ³lo mÃºsica. (Bob Marley)
RT @Ganjalegalizada: Robert Nesta Marley, mais conhecido como Bob Marley, foi um cantor, guitarrista e compositor jamaicano, o mais conheciâ€¦
RT @alFranceschi: me niego a votar para evitar ser cÃ³mplice de lo que considero un acto inmoral la â€œlegitimaciÃ³nâ€ del Edo Chavista #Venezueâ€¦
RT @cprocuna: Bob Marley cumplirÃ­a hoy 73 aÃ±os y lo recordamos con la que fue su pasiÃ³n deportiva: el futbol. https://t.co/ZlgfNMIw9p
RT @africanarchives: On this day in 1945, legendary reggae artiste Bob Marley was born. His legacy and messages of peace and unity still liâ€¦
Bob Marley - Get up stand up midi https://t.co/o3fSeKIE6L #karaoke, #gratis, #free, #midi
RT @unmundo810: Una premiada obra del escritor jamaiquino Marlon James y un repaso por la obra de Bob Marley a 73 aÃ±os de su nacimiento. Toâ€¦
He is gone but def not forgotten @bobmarley not by me or my mom who used to hang out w/him  was still is the only bâ€¦ https://t.co/LhRsOvcmVz
Bob Marley #Birthday #Party #bobmarley #jamaica #supreme #security #international @ Azul Beachâ€¦ https://t.co/6oippiXLxr
RT @iDailyRapFacts: Happy Birthday to Bob Marley ğŸˆ https://t.co/1qww6sk0ik
RT @PigsAndPlans: Happy Birthday, Bob Marley https://t.co/Nd475NVQVn
RT @billboard: Remembering Bob Marley on his birthday. ğŸ‡¯ğŸ‡² https://t.co/k3DrMSKkyD
RT @DionneGrant: â€˜My music will go on forever. Maybe it's a fool say that, but when me know facts me can say facts. My music will go on forâ€¦
RT @Elkanafrin: "Some are leaf. Some are branches. I and I are the roots." 

Happy Birthday Bob Marley Legend Of All 
Life Is One Big Roadâ€¦
RT @oleismos: Un 6 de febrero de 1945, nace Robert Nesta Marley Booker, Bob Marley https://t.co/oUH2mUPjv9
RT @Ganjalegalizada: Robert Nesta Marley, mais conhecido como Bob Marley, foi um cantor, guitarrista e compositor jamaicano, o mais conheciâ€¦
RT @Ganjalegalizada: Robert Nesta Marley, mais conhecido como Bob Marley, foi um cantor, guitarrista e compositor jamaicano, o mais conheciâ€¦
RT @billboard: Remembering Bob Marley on his birthday. ğŸ‡¯ğŸ‡² https://t.co/k3DrMSKkyD
RT @Natu_patitas98: 13 aÃ±os y se creen la Bob marley
RT @cprocuna: Bob Marley cumplirÃ­a hoy 73 aÃ±os y lo recordamos con la que fue su pasiÃ³n deportiva: el futbol. https://t.co/ZlgfNMIw9p
RT @thehumanxp: On this day in 1945, legendary reggae artiste Bob Marley was born. His legacy and messages of peace and unity still live onâ€¦
RT @TheSource: Today, We celebrate the Birth of Reggae Legend Bob Marley! https://t.co/JKE2gSD7mg https://t.co/onlWeaeCC2
RT @mefeater: Happy Birthday to the legendary Bob Marley. Today he would have turned 73 years old. RIP ğŸ–¤ https://t.co/rHXZpSCiJ7
RT @FactSoup: "Open your eyes, look within. Are you satisfied with the life you're living?" - Bob Marley
RT @cprocuna: Bob Marley cumplirÃ­a hoy 73 aÃ±os y lo recordamos con la que fue su pasiÃ³n deportiva: el futbol. https://t.co/ZlgfNMIw9p
RT @MomentsES: âš¡ï¸ Bob Marley cumplirÃ­a 73 aÃ±os este 6 de febrero y lo recordamos con la que fue una de sus mÃ¡s grandes pasiones despuÃ©s deâ€¦
RT @RayRocz: Happy B-Day Bob Marley ğŸ‡¯ğŸ‡²ğŸ‡¯ğŸ‡²
Today, February 6th, is reggae legend Bob Marley's birthday and the first day of VIU's All Nations Reggae Symposiumâ€¦ https://t.co/CRWKjOnwRr
RT @BenjaminEnfield: Happy Birthday Bob Marley https://t.co/wgmpRx4LUk
RT @Ganjalegalizada: Aniversario do bob cada um acende um beck de homenagem , ParabÃ©ns Bob Marley
one of my faves https://t.co/rv9IKcywPs
Ä°lluminati kurucusu ve Bob Marley ile aynÄ± doÄŸum gÃ¼nÃ¼ne sahip olmak
RT @billboard: Remembering Bob Marley on his birthday. ğŸ‡¯ğŸ‡² https://t.co/k3DrMSKkyD
'Bob Marley' empieza a ser Tendencia, con 38650 tweets, ocupando la 11Âª posiciÃ³n en Venezuela. MÃ¡s en https://t.co/TZZWvFfY1p #trndnl
Happy Earthstrong teacher of many ğŸƒğŸŒ https://t.co/gCZLPiWRnd
RT @Ganjalegalizada: Robert Nesta Marley, mais conhecido como Bob Marley, foi um cantor, guitarrista e compositor jamaicano, o mais conheciâ€¦
RT @mefeater: Happy Birthday to the legendary Bob Marley. Today he would have turned 73 years old. RIP ğŸ–¤ https://t.co/rHXZpSCiJ7
RT @GettyImages: "Donâ€™t gain the world and lose your soul; wisdom is better than silver or gold.â€ - Bob Marley (born #OTD in 1945) https://â€¦
RT @Ganjalegalizada: Robert Nesta Marley, mais conhecido como Bob Marley, foi um cantor, guitarrista e compositor jamaicano, o mais conheciâ€¦
War â€“ Bob Marley https://t.co/2FWidt2Y4p
RT @billboard: Remembering Bob Marley on his birthday. ğŸ‡¯ğŸ‡² https://t.co/k3DrMSKkyD
RT @DailyLoud: Happy birthday Bob Marley https://t.co/3J6hweqIxu
RT @norm: Happy Birthday to Bob Marley on what wouldâ€™ve been his 73rd birthday. https://t.co/Ys3MFB4aPH
Today we celebrate Bob Marley. It may have been nearly 37 years since he passed on, but his legacy is large than evâ€¦ https://t.co/Wqno9v9Tiy
RT @NPR: Classically trained British cellist Sheku Kanneh-Mason @ShekuKM is still a teenager. His new album includes a haunting rendition oâ€¦
RT @nuffsaidNY: #BlackHistoryMonth:

On this day 73 years ago, one of the most influential men in music was born. His music and his messageâ€¦
RT @mefeater: Happy Birthday to the legendary Bob Marley. Today he would have turned 73 years old. RIP ğŸ–¤ https://t.co/rHXZpSCiJ7
Bob Marley https://t.co/vXoRP49Fvb
RT @common: Happy Born Day Bob Marley!  Thank you for showing me how to use my art to help the people.  #OneLove https://t.co/qpRyIthOtw
gods never die https://t.co/Pb7PRVt8CS
RT @DionneGrant: â€˜My music will go on forever. Maybe it's a fool say that, but when me know facts me can say facts. My music will go on forâ€¦
RT @Ganjalegalizada: Robert Nesta Marley, mais conhecido como Bob Marley, foi um cantor, guitarrista e compositor jamaicano, o mais conheciâ€¦
RT @MasCulturaPOP: El 6 de febrero en Jamaica se celebra el â€˜DÃ­a de Bob Marleyâ€™, en conmemoraciÃ³n de su natalicio. Robert Nesta Marley Bookâ€¦
RT @supremereign06: Happy born day to the legend Bob Marley ğŸ‡¯ğŸ‡²ğŸŒ https://t.co/W9l1QfL9PX
RT @futurofm: Hoy, Bob Marley hubiese cumplido 73 aÃ±os. CuÃ¡l es tu favorita de The Wailers? https://t.co/YgvMyvbd2Z https://t.co/egNmiW0SFs
RT @africanarchives: On this day in 1945, legendary reggae artiste Bob Marley was born. His legacy and messages of peace and unity still liâ€¦
RT @supernovaxradio: #6Feb 1945 nace BOB MARLEY en Jamaica.  AdemÃ¡s de darle vida al reggae con intensidad, demostrÃ³ el altruismo como unaâ€¦
RT @BenjaminEnfield: Happy Birthday Bob Marley https://t.co/wgmpRx4LUk
RT @lafrangt: Escuchar a Bob Marley y Nat King Cole por la #numberone @radio_festival me hizo el dÃ­a... Saludos @negro_collao, te estoy escâ€¦
RT @billboard: Remembering Bob Marley on his birthday. ğŸ‡¯ğŸ‡² https://t.co/k3DrMSKkyD
RT @PopCrave: Happy Birthday to the international musical and cultural icon, Bob Marley (R.I.P). Today he would have turned 73. https://t.câ€¦
RT @common: Happy Born Day Bob Marley!  Thank you for showing me how to use my art to help the people.  #OneLove https://t.co/qpRyIthOtw
RT @billboard: Remembering Bob Marley on his birthday. ğŸ‡¯ğŸ‡² https://t.co/k3DrMSKkyD
RT @KarenCivil: Happy birthday to Bob Marley! What's your all-time favorite song from the legend? #HappyBirthdayBobMarley https://t.co/feOqâ€¦
RT @RasI_Musique: Blessed earthstrong to these legends!! Bob Marley and Bunny Rugs https://t.co/H1WEBb9fGT
Drink some alcohol...smoke some Gaanjaa... It's Bob Marley's birthday!!! Remembering the Legend for all the... https://t.co/6UpQPq3sHo
RT @mefeater: Happy Birthday to the legendary Bob Marley. Today he would have turned 73 years old. RIP ğŸ–¤ https://t.co/rHXZpSCiJ7
RT @norm: Happy Birthday to Bob Marley on what wouldâ€™ve been his 73rd birthday. https://t.co/Ys3MFB4aPH
RT @billboard: Remembering Bob Marley on his birthday. ğŸ‡¯ğŸ‡² https://t.co/k3DrMSKkyD
RT @ToqueSports: Â¡â€FOOTBALL IS FREEDOMğŸƒâ€! El gran Bob Marley refiriÃ©ndose a su segunda pasiÃ³n despuÃ©s de la mÃºsica, el fÃºtbol. https://t.coâ€¦
RT @mefeater: Happy Birthday to the legendary Bob Marley. Today he would have turned 73 years old. RIP ğŸ–¤ https://t.co/rHXZpSCiJ7
RT @common: Happy Born Day Bob Marley!  Thank you for showing me how to use my art to help the people.  #OneLove https://t.co/qpRyIthOtw
RT @common: Happy Born Day Bob Marley!  Thank you for showing me how to use my art to help the people.  #OneLove https://t.co/qpRyIthOtw
NÃ£o tocamos para agradar os crÃ­ticos. Tocamos o que queremos, quando queremos e o quanto quisermos. E temos motivosâ€¦ https://t.co/aVAlVwh3uL
@depthcruiser LOVE!!!! â¤ï¸â¤ï¸â¤ï¸Bob Marley!!!!... https://t.co/GrbY6CjzQE
RT @BestMusicLyric: Some people feel the rain, others just get wet. 

-Bob Marley
#SupportIndieMusic #fillfoodbanks   #NowPlaying We And Dem by Bob Marley &amp; The Wailers https://t.co/LEbiYiLPB1â€¦ https://t.co/3PCv254dR4
RT @shirlero: No te preocupes por una cosa, concÃ©ntrate en que las pequeÃ±a cosas salgan bien
â€” Bob Marley #FelizMartes
Valerie June: Five Essential Bob Marley Songs | WFUV https://t.co/HTvqgeGSAL
@FoxNews Bob Marley was born on this day 73 years ago.  He was more awesome than any politician.
RT @Ganjalegalizada: Aniversario do bob cada um acende um beck de homenagem , ParabÃ©ns Bob Marley
RT @Ganjalegalizada: Robert Nesta Marley, mais conhecido como Bob Marley, foi um cantor, guitarrista e compositor jamaicano, o mais conheciâ€¦
The greatness of a man is not in how much wealth he acquires, but in his integrity and ability to affect those arouâ€¦ https://t.co/6R9sTUp6Qr
RT @KarenCivil: Happy birthday to Bob Marley! What's your all-time favorite song from the legend? #HappyBirthdayBobMarley https://t.co/feOqâ€¦
RT @KillerCreeper55: Mapear escuchando a Bob Marley es: ğŸ‘Œ
RT @Ganjalegalizada: Robert Nesta Marley, mais conhecido como Bob Marley, foi um cantor, guitarrista e compositor jamaicano, o mais conheciâ€¦
RT @ElElegidoAgain: â€”Soy fiel seguidor de la filosofÃ­a de Bob Marley.
â€”Â¿Eres altruista?
â€”No, me encanta fumar marihuana y estar acostado siâ€¦
Blaze up for BOB ğŸ‡¯ğŸ‡²ğŸ˜¤ https://t.co/LTr2IIkmTB
I liked a @YouTube video https://t.co/lnBGoApD0f Bob Marley - Three little birds
RT @cnni: It's been almost 37 years since Bob Marley died, but his legacy is larger than ever. Here are some of his lyrics that still holdâ€¦
RT @common: Happy Born Day Bob Marley!  Thank you for showing me how to use my art to help the people.  #OneLove https://t.co/qpRyIthOtw
RT @ProTwoolz: gods never die https://t.co/Pb7PRVt8CS
BOB MARLEY &amp; THE WAILERS - Rastaman Live Up [1978] https://t.co/Oil5gCaTFx via @YouTube
RT @mefeater: Happy Birthday to the legendary Bob Marley. Today he would have turned 73 years old. RIP ğŸ–¤ https://t.co/rHXZpSCiJ7
RT @ibkonteh: The ONLY thing that are just as good as Bob Marley songs are his interviews! Insightful, intelligent, charismatic and funny!â€¦
'One love, one heart, one destiny.' Na danaÅ¡nji dan roÄ‘en je legendarni Bob Marley https://t.co/3LGv6E9piO https://t.co/f4ainKP4wR
RT @africanarchives: On this day in 1945, legendary reggae artiste Bob Marley was born. His legacy and messages of peace and unity still liâ€¦
RT @cprocuna: Bob Marley cumplirÃ­a hoy 73 aÃ±os y lo recordamos con la que fue su pasiÃ³n deportiva: el futbol. https://t.co/ZlgfNMIw9p
RT @common: Happy Born Day Bob Marley!  Thank you for showing me how to use my art to help the people.  #OneLove https://t.co/qpRyIthOtw
RT @common: Happy Born Day Bob Marley!  Thank you for showing me how to use my art to help the people.  #OneLove https://t.co/qpRyIthOtw
RT @common: Happy Born Day Bob Marley!  Thank you for showing me how to use my art to help the people.  #OneLove https://t.co/qpRyIthOtw
RT @billboard: Remembering Bob Marley on his birthday. ğŸ‡¯ğŸ‡² https://t.co/k3DrMSKkyD
Awesomeness Alert! #Reggae DJ legend "The Night Nurse" Amy Wachtel returns to radio TODAY, Bob Marley's Birthday... https://t.co/xb4f6O0n4j
RT @thehumanxp: On this day in 1945, legendary reggae artiste Bob Marley was born. His legacy and messages of peace and unity still live onâ€¦
RT @CatiaCaporali: "Il bello della musica Ã¨ che quando ti colpisce non senti dolore"

- Bob Marley

#PerleDiPensiero https://t.co/HFX24sKTKp
â’ˆ #FelizMartes
â’‰ #NadaPeorQue
â’Š #DespuÃ©sdelPuenteYo
â’‹ TaiwÃ¡n
â’Œ #CumbreMX
â’ #FalconHeavy
â’ Bob Marley
â’ Enrique Esquâ€¦ https://t.co/R86l0qLNXM
RT @billboard: Remembering Bob Marley on his birthday. ğŸ‡¯ğŸ‡² https://t.co/k3DrMSKkyD
RT @billboard: Remembering Bob Marley on his birthday. ğŸ‡¯ğŸ‡² https://t.co/k3DrMSKkyD
RT @billboard: Remembering Bob Marley on his birthday. ğŸ‡¯ğŸ‡² https://t.co/k3DrMSKkyD
HAPPY BIRTHDAY BOB MARLEY! ğŸ‡¯ğŸ‡²
@bobmarley
RT @NPR: Classically trained British cellist Sheku Kanneh-Mason @ShekuKM is still a teenager. His new album includes a haunting rendition oâ€¦
Bob Marley &amp; Lauryn Hill _ Turn Your Lights Down Lowâ¤â¤

#TrapaDrive ğŸ€ğŸ€
RT @mefeater: Happy Birthday to the legendary Bob Marley. Today he would have turned 73 years old. RIP ğŸ–¤ https://t.co/rHXZpSCiJ7
RT @common: Happy Born Day Bob Marley!  Thank you for showing me how to use my art to help the people.  #OneLove https://t.co/qpRyIthOtw
RT @BenjaminEnfield: Happy Birthday Bob Marley https://t.co/wgmpRx4LUk
Awesomeness Alert! #Reggae DJ legend "The Night Nurse" Amy Wachtel returns to radio TODAY, Bob Marley's Birthday... https://t.co/ncP0DFXyAF
RT @MrSid311: Today wouldâ€™ve been Bob Marleyâ€™s 73rd birthday. He died almost 37 years ago and still his music continues to spread peace, poâ€¦
RT @common: Happy Born Day Bob Marley!  Thank you for showing me how to use my art to help the people.  #OneLove https://t.co/qpRyIthOtw
meu mestre â¤ï¸ eternoo!!! â¤ï¸ https://t.co/dELyklpqAI
RT @DaniBailo: Si sbaglia per rabbia, per amore, per gelosia.
Si sbaglia per imparare. 
Si sbaglia per poter chiedere scusa, per poter ammeâ€¦
RT @Football__Tweet: ğŸ—£ "Football is a whole skill to itself. A whole world. A whole universe to itself. Me love it because you have to be sâ€¦
Bob Marley and Rosa Parks https://t.co/UzvuhAwdzv
RT @RoyceEditores: Un dÃ­a como hoy de 1945 naciÃ³ el mÃºsico jamaiquino Bob Marley, considerado la principal figura de la mÃºsica reggae. httpâ€¦
@Hellmouth138 @Branco7jr Punk and classic rock is great for bass. Moving onto Stevie Wonder and Bob Marley helped mâ€¦ https://t.co/wG0MDxtlVe
Something to live by https://t.co/uRl67lwe5u
RT @ana_writes18: Bored I love my bob Marley shirt so much ğŸ’™ tomorrow is 2dday ğŸ˜ŠğŸ‘Œ
#TuesdaySeflie https://t.co/LF1A2lROrZ
RT @ramos_leandro: @BoughTenRiver Eu fumo, bebo... tudo isso Ã© droga. Isso tem que ser falado pro jovem. Que o padre tomando um vinhozinhoâ€¦
RT @common: Happy Born Day Bob Marley!  Thank you for showing me how to use my art to help the people.  #OneLove https://t.co/qpRyIthOtw
RT @HotFreestyle: Happy Birthday Bob Marley ğŸˆ https://t.co/xjDQDJZ9BC
RT @common: Happy Born Day Bob Marley!  Thank you for showing me how to use my art to help the people.  #OneLove https://t.co/qpRyIthOtw
RT @OnlyAfricaFacts: Happy Birthday to reggae legend, Bob Marley!

"Ladies and gentlemen, Bob Marley and the Wailers"

The first official wâ€¦
RT @HotFreestyle: Happy Birthday Bob Marley ğŸˆ https://t.co/xjDQDJZ9BC
RT @norm: Happy Birthday to Bob Marley on what wouldâ€™ve been his 73rd birthday. https://t.co/Ys3MFB4aPH
RT @NPR: Classically trained British cellist Sheku Kanneh-Mason @ShekuKM is still a teenager. His new album includes a haunting rendition oâ€¦
RT @RayRocz: Happy B-Day Bob Marley ğŸ‡¯ğŸ‡²ğŸ‡¯ğŸ‡²
RT @N24_carabobo: Â¡Legendario! Este martes Bob Marley cumplirÃ­a 73 aÃ±os https://t.co/swxQ5RntLM
RT @afrodita117: Julio Borges:"No firmamos Pre- acuerdo pero si firmamos puntos acordados" (+ CJ en hora loca )
Bob Marley https://t.co/Rqxâ€¦
@TrojanSuzanneR But you can wish my dude Bob Marley one!!
Happy Birthday "Bob Marley" Celebrating the beauty of a man whose words spread Love!
RT @outremers360: Le 6 fÃ©vrier 1945 est nÃ© la lÃ©gende du Reggae Bob Marley. Il aurait eu 73 ans cette annÃ©e. #BobMarley a vendu Ã  ce jour 7â€¦
RT @billboard: Remembering Bob Marley on his birthday. ğŸ‡¯ğŸ‡² https://t.co/k3DrMSKkyD
RT @mefeater: Happy Birthday to the legendary Bob Marley. Today he would have turned 73 years old. RIP ğŸ–¤ https://t.co/rHXZpSCiJ7
RT @billboard: Remembering Bob Marley on his birthday. ğŸ‡¯ğŸ‡² https://t.co/k3DrMSKkyD
RT @mefeater: Happy Birthday to the legendary Bob Marley. Today he would have turned 73 years old. RIP ğŸ–¤ https://t.co/rHXZpSCiJ7
â€œOne Love, One Heart. Letâ€™s Get Together and Feel All Rightâ€ - Bob Marley #HBD #GOAT #RIP
best believe im getting baked and listening to bob marley all day
RT @FiersaBesari: Kehebatan seorang pria tidak ditentukan dari banyaknya kekayaan yang ia dapatkan. Tetapi dalam integritas dan kemampuannyâ€¦
RT @Iam_Missi: Happy birthday to The Legend  @bobmarley ... @djfunny8 piling up all your favorite Songs by Bob Marley #TMSlive  tonightâ•#Tuâ€¦
RT @Thisdayinmusic: 6th February 1945, Born on this day, Bob Marley singer / songwriter and guitarist who had the 1981 UK No.8 single withâ€¦
RT @ProTwoolz: gods never die https://t.co/Pb7PRVt8CS
ğŸ™ŒğŸ™ŒğŸ™Œ https://t.co/fATLcS1j6c
RT @RayRocz: Happy B-Day Bob Marley ğŸ‡¯ğŸ‡²ğŸ‡¯ğŸ‡²
RT @dolphinfish55: I traveled to many African countries, west, east, south, north, central. I shopped for "local" music and art wherever Iâ€¦
RT @cnni: It's been almost 37 years since Bob Marley died, but his legacy is larger than ever. Here are some of his lyrics that still holdâ€¦
RT @ScariestStorys: Wise words from Bob Marley. https://t.co/Mil0PStz8H
RT @WorldJewishCong: Little is known of Ellen Broomfield, a Syrian-Jewish woman who settled in Jamaica, but we do know that her grandson, râ€¦
RT @bensevdimyasen: "EÄŸer bu hayatta illa kÄ±ymet bilmek gerekiyorsa, sadece kendi kÄ±ymetini bil. BoÅŸver be! NasÄ±lsa her rÃ¼ya gÃ¼neÅŸle sona eâ€¦
RT @dijoni: #HappyBornDayBobMarley it is Bob Marley birthday so much love for Bob Marley.@tyrone345345 @BlkHistStudies @angelaw676 @trueblaâ€¦
RT @Nairametrics: â€œMoney is numbers and numbers never end. If it takes money to be happy, your search for happiness will never end.â€ - Bobâ€¦
RT @gnrlrauf: https://t.co/hbG3asFuaQ
Bob Marley
#GetMeHotIn4Words
#FalconHeavy
#ÙˆØ§Ù„Ø¯ÙŠÙƒ_Ø¨ÙƒÙ„Ù…ØªÙŠÙ†
#FelizMartes
TaiwÃ¡n
Liliana Bodoc
All The Sâ€¦
RT @aroquesihombre: A veces vemos como SetiÃ©n fuma como Bob Marley https://t.co/JgaaWfzZeP
RT @GUZMAN2000MN: Una cosa buena que tiene la mÃºsica, es que cuando llega, te olvidas de los problemas. Bob Marley
RT @HOT97: Happy Birthday to the legend Bob Marley! 

Whatâ€™s your favorite song? https://t.co/3eWeOcGOEO
RT @NYTObits: Happy birthday to reggae superstar Bob Marley, who would have been 73 today https://t.co/zTkUqCvEl3
RT @common: Happy Born Day Bob Marley!  Thank you for showing me how to use my art to help the people.  #OneLove https://t.co/qpRyIthOtw
RT @africanarchives: On this day in 1945, legendary reggae artiste Bob Marley was born. His legacy and messages of peace and unity still liâ€¦
RT @depthcruiser: 'Don't worry about a thing, 'cause every little thing gonna be all right' [Bob Marley] #quotes #quoteoftheday
RT @MuwoSilas96: ğŸ»ğŸ¶|"One good thing about music, when it hits you, you feel no pain." - Bob MarleyÂ 

Come and experience the ambiance of soâ€¦
RT @DailyLoud: Happy birthday Bob Marley https://t.co/3J6hweqIxu
Bob Marley #bornonthisday im AKI-wiki ... https://t.co/IwJy4EzupX https://t.co/Prbzfej0f7
RT @wannartcom: "My Riches is Life Forever." 
Bob Marley https://t.co/RYNFlYg2sS
RT @UnIntelectual: ''Lo bonito no son los ojos, son las miradas.'' Bob Marley
Lo mejor de Bob Marley a 73 aÃ±os de su nacimiento (Videos) https://t.co/rGvRJy5Q2r #entretenimiento
RT @africanarchives: On this day in 1945, legendary reggae artiste Bob Marley was born. His legacy and messages of peace and unity still liâ€¦
RT @GeorgeRamotar: Happy birthday to the wise Bob Marley!! #BigUp and thank you for passive knowledge! #RoleModel #RestInParadise
RT @BenjaminEnfield: Happy Birthday Bob Marley https://t.co/wgmpRx4LUk
RT @cprocuna: Bob Marley cumplirÃ­a hoy 73 aÃ±os y lo recordamos con la que fue su pasiÃ³n deportiva: el futbol. https://t.co/ZlgfNMIw9p
RT @supernovaxradio: #6Feb 1945 nace BOB MARLEY en Jamaica.  AdemÃ¡s de darle vida al reggae con intensidad, demostrÃ³ el altruismo como unaâ€¦
RT @Ganjalegalizada: Aniversario do bob cada um acende um beck de homenagem , ParabÃ©ns Bob Marley
RT @billboard: Remembering Bob Marley on his birthday. ğŸ‡¯ğŸ‡² https://t.co/k3DrMSKkyD
RT @TheSource: Today, We celebrate the Birth of Reggae Legend Bob Marley! https://t.co/JKE2gSD7mg https://t.co/onlWeaeCC2
RT @rockyfk_: â†» ãƒ… â”‡                 05.02.2018                                         
          â†³  âLa gente cree que la muerte es mÃ¡s fuâ€¦
https://t.co/AhHfLfIXwP
Lettre de Rita Marley sur Bob Marley : Â« Il Ã©tait trop timide pour me dire Ã  haute voix que je lui plaisais. Â» - Deâ€¦ https://t.co/InuulWcAwT
ğŸ’• https://t.co/0iDVHqOON7
Happy Birthday, Bob Marley! #OneLove #CaribbeanLegend #OneCaribbean

#Repost from @VisitJamaicaNow 
ğŸ“·: Jim Smith https://t.co/1XYtecqBex
